Company Names,Domain Names
JV,jackieventura.com
UNAM,unam.mx
Computer Network Systems,compnetsys.com
Student,student.org.il
Crush IT,crushiot.com
Oracle,oracle.com
MJGC,mjgc.nl
Toyota,toyota.co.uk
Honda,honda.com
None,automobilepecas.com.br
Herman Miller,hermanmiller.com
Student,student.org.il
Home,s.to
Vaibhav Global,vaibhavglobal.com
Kabarak University,kabarak.ac.ke
SELF,self.com
Asana,asana.com
Student,student.org.il
知乎,zhihu.com
知乎,zhihu.com
Pulse Medic,pulsemedicservices.co.uk
Durham College,durhamcollege.ca
＠IT,atmarkit.co.jp
Google,google.com
Merritt College,merritt.edu
123 Exteriors,123exteriors.com
None,automobilepecas.com.br
Amazon,amazon.com
MedData,meddata.com
Ping Identity,pingidentity.com
Centennial College,centennialcollege.ca
UONA,uona.ru
ActioNet,actionet.com
Private,private.com
Apex Systems,apexsystems.com
ホットNAあの話題,nsl-enter.com
None,automobilepecas.com.br
minz,wd-minz.com
blank,blankcorp.kr
Apex Systems,apexsystems.com
LPL Financial,lpl.com
Milner & Associates,milnerassociates.ca
None,automobilepecas.com.br
YouTube,youtube.com
NEC Australia,nec.com.au
Liberty,liberty.com.au
tbd*,tbd.community
Medical Billing and Coding,jfkih.com
知乎,zhihu.com
Matrix Property Group,matrixproperty.com
The Globe and Mail,theglobeandmail.com
PDK,pdk.co.uk
Góc IT,gocit.vn
ACLD,acld.org
WeR,we-r.gr
Michael Andrews Audio Visual Services,maavs.com
STS,sts.pl
Zayed University,zu.ac.ae
Student,student.org.il
料理教室ABCクッキングスタジオ,abc-cooking.co.jp
תבליני פרץ - מאז 1962,pereztavlinim.co.il
Verizon,verizon.com
Foodstuff,foodstuff.no
Cogent,becogent.co
Karunya,karunyakeshav.com
"Management Consultant,",managementconsultantinc.com
tbd*,tbd.community
WWP,wwpbeauty.com
Midlands Technical College,midlandstech.edu
NAECS,naecs.com
HP,hp.com
Amazon,amazon.com
AMAC Enterprises,amacenterprises.com
Butte College,butte.edu
מטבחי חמד 1976 - מטבחים מעוצבים,hemed76.com
SumTotal Systems,sumtotalsystems.com
CI&T,ciandt.com
Mfr,mfrcorp.com
ホットNAあの話題,nsl-enter.com
School,looktone.jp
Clearbit,clearbit.com
Staples Canada,staples.ca
ホットNAあの話題,nsl-enter.com
Midlands Technical College,midlandstech.edu
ホットNAあの話題,nsl-enter.com
ADM,adm.com
Veris Group,verisgroup.com
Apple,apple.com
South Texas College,southtexascollege.edu
United,united-tec.net
AT&T,att.com
Contractor+,contractorplus.app
IM,imoveisbrambilla.com.br
時計専門店GMT,gmt-j.com
5 Guys,5guyscompany.com
GESN,gesn.fr
BermudaPoliceService,police.bm
Amazon,amazon.com
Midlands Technical College,midlandstech.edu
Digital Fingers,thedigitalfingers.com
HCT,hct.vn
Student,student.org.il
LG전자,lge.co.kr
Personal,sergiozamorasola.com
Interwise,interwise.com.tw
Government,government.report
Starbucks,starbucks.com
Queen's University,queensu.ca
St Philip's College,stphilips.nt.edu.au
Student,student.org.il
Applesauce,applesauce.pl
homeoffice,homeoffice.com.co
1970年創業の名店リンデンバウムでは、手作りのバウムクーヘンが味わえます。東急東横線日吉周辺で美味しいバウムクーヘンを焼いています。,linden-baum.com
Diebold,diebold.com
Herjavec Group,herjavecgroup.com
Освіта.ua,osvita.ua
ホットNAあの話題,nsl-enter.com
stc السعودية,stc.com.sa
Starbucks,starbucks.com
レンティオ宣伝部 -家電・カメラのお試しサービス / 試してそのまま購入もOK-,rentio.jp
